D,Q,PPV_obs,PPV_true
868.7484140587472,201.40097356730772,0.007740866783277307,0.021564373581392366
252.39432964933738,412.5927037741885,14.947566357175992,6.028424246461374
1187.1220737061633,227.3555901054517,0.0008815071238481848,0.002934609485932775
654.9308121699942,237.14807620795972,0.08447979138217193,0.11249159259754071
70.7697669552085,565.3570132101337,81.86333980181685,147.09857042256297
1827.9972604537702,366.57315458785604,0.00010310194223483855,8.747889548573854e-05
828.6315571420693,954.9031351040461,0.05203055800881251,0.09872332807456799
908.4314861849593,320.7508870515575,0.01822076210251278,0.023889889735722872
80.20763844526579,670.0965136007209,103.90281062865486,131.5761854387004
263.3390691539286,414.71722337006594,2.569119801044629,5.354573779685563
196.34085768987373,594.3928009401184,25.938676901467755,15.968871611674018
1526.5221640386692,532.9728997877065,0.0009022987560969029,0.0007109181513820583
537.6263585856888,423.58202954489,0.4036798120572522,0.44108427835636954
1040.1200480140585,1004.9274374027765,0.016144247080031832,0.024829242751053505
256.65288582433624,334.7238172516345,10.77945272633201,4.860288343887604
115.61656680118628,248.0852302102003,21.90534852693175,27.731392529217178
386.765834782595,614.236938758086,1.5735652128126845,2.1383642528332456
63.27163789991355,832.4077625320276,276.4326303312968,248.95623296286888
1058.972768985217,193.60509507948194,0.03207650838621686,0.005879885290343256
513.9658529221635,406.19805083340395,0.13505314880477173,0.515957606330577
819.3548761732574,905.4721319560491,0.21790346780866435,0.10090659262669804
184.9021128309397,699.1378727576,3.191691345234592,21.194085137370838
1795.0910139142911,1083.8085325400646,0.0003140326951251146,0.0002527052896898159
1348.3530448761062,471.0072871804055,0.009248172039334592,0.0019142828985954268
883.0535949590769,594.4405925241053,0.07578586958876792,0.0464902834999521
102.51629235975628,311.21345010339127,51.032816390809415,43.0276875889112
279.69522463101436,1000.343976297906,5.174329459520341,9.062628745860383
58.768724494968836,349.3463622743565,147.57784572515118,143.0663635960886
88.3387046388594,685.2210239700985,85.64649555152128,110.19936378400033
621.2342687746157,373.41276058336535,0.09492607950869866,0.2083199431686218
780.0521844276473,497.65652601798405,0.061599045178678896,0.08231241818508603
1774.102214066424,662.3813273893801,0.0002352034697409465,0.0001928803035386282
166.32662484772902,452.2264001993085,9.027246883193436,19.44256051105288
196.09597418577633,929.7182835412508,10.231321125205193,22.913712593504055
282.6354176378967,384.49745826809175,1.0487023979194359,4.086942052592855
100.58066165296049,580.6958249320292,109.0432077603269,73.77494527636843
80.7443327605301,334.5110918221173,128.47752949612607,74.47256178376986
289.1197996861282,376.81891836821757,4.733213064539836,3.754457581605548
115.47617609249546,399.21309208731304,106.80021440574633,40.68215081494475
591.6327504944725,226.03304777415565,0.19084531521053938,0.174791807598558
250.7919566028025,212.50949546404524,5.3437056165718175,3.6107243768829558
1078.8732567710836,602.5593136805594,0.017363601547054804,0.012814005141598233
661.9675606103799,589.641751536815,0.20188938116798746,0.22124262474391726
158.2705469231476,597.584341305106,16.108211808009692,27.389261493403524
1077.2094000570523,186.55689577757124,0.0464102435773079,0.005070135716712822
973.3091001725672,325.07050643948077,0.009948746672494601,0.015633210983321096
208.8014993433617,257.4985677984935,3.577944579253736,6.963388482302279
144.8401360283764,736.1953016888648,61.5637566833984,39.887520613898765
619.9672459722211,854.7348882861929,0.5247997404315585,0.4079572247995028
83.72629374507682,281.31502452466896,14.792924706985632,60.276394156806234
104.52855276110303,602.9512586881511,215.388848060088,70.08906116056765
51.376533989563626,227.49256919344907,118.86675986013935,130.60764806668232
911.318246263252,296.19345527637233,0.007237620957299965,0.021981993711143656
580.8994454510836,231.35111804618847,0.6352025775093477,0.19347723430207445
674.0424441159133,300.71417564314936,0.22073319699088545,0.11807017453713074
890.7272707634119,610.515256438237,0.012728392602394162,0.045077224911233386
271.7569174785775,935.1878582446775,55.32474410853901,9.356183114670566
407.49991247147364,259.70448923817924,1.7210679804104436,0.8906067104350136
83.74004345915102,480.1885206812705,91.48507810091827,92.4226421685449
76.28761768901104,640.6933316981706,687.9259935534253,140.25503711498223
588.5612257492278,1010.1458584885709,0.6952797257273877,0.5928944938274422
284.2460172732183,543.0669355908915,5.149015576749279,5.295665317821411
402.2649154963394,285.63880773997363,0.5204076875084885,1.0071830309662173
840.5122883024444,558.4361270370015,0.10593384475764271,0.05920253452582572
519.7886960430483,321.52672345774823,0.6575233854348446,0.40824903303903665
385.3340740109587,1053.4810582918465,3.3851347578516675,3.3358034869705917
393.4172727400668,371.0786606765629,0.6103895439156255,1.3449117867181533
153.4321235304079,622.4451228137729,34.69366839701556,30.466488723598268
56.019860642252105,187.72934994853446,88.85890133344616,95.28272448759972
250.39027730593844,371.3375615098839,1.4940746460904328,5.668822181964568
110.34369516261359,877.4295564790293,19.34402051608855,84.28430823838995
225.66146317756903,543.231085286089,18.074340097959084,10.271159091644304
1164.5896456826415,402.0360217588362,0.0003961471342868083,0.005343702311745336
118.51002644461131,979.5618453168933,96.79791175038345,78.82379310632989
61.99754524033524,844.5140060771703,162.33521773479168,261.8433699366665
141.17697757458788,322.5319547025217,80.9132429395317,21.870329458125717
147.68106559704037,482.3396822699469,16.593884124044592,27.180570830715375
574.6454471397136,436.85090273199665,0.6531177775285699,0.3377389509158986
390.2733798305669,565.2748303519595,1.3030266855814945,1.93789749377235
901.2016172583964,329.5521235310264,0.028725734743061355,0.02563722119487361
579.7491879423641,280.0573559492805,0.4752140457518781,0.22744962703557933
223.88558699356892,939.1657639634892,10.239681779565878,16.261921315741496
1007.1159979090579,958.4046076984048,0.08042051565764348,0.02968715405988816
92.57007997958578,828.3724446621355,43.13580025862775,116.51862854337558
54.36959626152225,1057.4473382120316,539.3819879900965,401.75047016637615
69.69988786421017,693.3066685834223,448.84477916996525,178.40163801060515
718.1795247966172,718.443871512024,0.33225100872333696,0.1717179391112122
274.74198762154475,715.7477072201929,49.70681658082181,7.313318965039436
90.64358405928951,429.62333542524635,33.53703781441498,71.95851351799921
317.4488750485943,411.2432535788885,0.7576939581328613,3.0091977870687248
87.69667556311535,278.04764980810336,20.11122191769905,54.35915649407727
652.4046058209428,578.3328830569617,0.4527352255119942,0.23389326923125867
259.26215304535106,303.887546361462,7.188421615155215,4.369063518652478
203.88668584144767,287.03899352759436,8.957503128612249,8.086814209040776
152.05841500361666,519.8865309414026,8.766104860210536,26.946397452361253
511.3526724335812,378.0662712055129,1.0713731528118209,0.4976162172149683
189.9395969331353,267.49773054719606,2.69725115097467,9.179180585607094
69.08606125319365,788.479865859845,641.0560033610072,201.1734033674835
77.27206864443397,854.6413177395882,2998.8025145146516,172.17818553640214
1737.7518857455184,243.8397372627237,0.0001550785880571152,0.00010749892651167491
1427.482450785347,182.4626319431615,0.0009869815591119976,0.0005508944443918046
660.6064489955504,330.75853256771467,0.08596994347929571,0.14073201929667833
133.32439833703936,762.4508744433145,8.11744619422918,49.61181037037053
1785.0430851095975,822.17452470754,0.00011764813076256997,0.000214952611016546
884.251226327058,231.21487926953384,0.0072628534678344835,0.02166434956515975
703.8353810455959,731.1282807564704,0.04546080771292703,0.19322497086958001
262.34578355082846,221.9370892835461,18.378133461047483,3.2831443847146358
136.49518093204364,364.677172367632,34.24739681242057,26.06903048441872
71.3500215017266,1097.234859559926,359.70955004905437,246.0683443171311
1396.3464714868148,255.07743298351167,0.0006400224739803837,0.0008717700251748547
268.6278049176384,237.85176821634977,2.7238926530947984,3.237926196710314
105.47954671138538,386.94066940841105,126.49712488450174,48.21493835821529
154.57201590632474,552.5943476500184,26.35143699485975,27.2174939667438
423.5595731179727,974.1921733837947,3.782363587128578,2.2247736137135776
95.97775947182653,1062.4678581905462,108.44868068615067,131.93130492179512
1178.4671388587399,204.1824519924963,0.0020206171045497497,0.002844979474007658
820.6610012180967,231.0761580951419,0.008212313182966504,0.03353362951002565
710.5470182498073,753.1605840016675,0.02607858652047833,0.188455819502979
246.155178045174,293.7797800722364,3.797959574807564,4.933387489234836
505.77388371329346,893.0385510304686,1.0959969333778983,1.0357933952508058
431.2508770747475,598.172577071734,0.38910418341210146,1.4080726989335561
549.620907907892,220.39206864079017,0.2297089633592773,0.2377662375881082
68.27392531475417,812.345121106438,222.46177968670526,210.81959066058056
231.80265580765266,247.69076490181516,0.5894190852077786,5.090571878524443
58.2959531311556,387.4278005236955,63.19617243520392,157.8063101777168
309.2950232079148,489.05333019219205,5.640484158642518,3.753564837731359
168.82138361321446,445.58943016825486,27.286743945828363,18.529096588553667
85.21311179979928,623.2740133257361,34.677007348572346,109.919883794926
73.2196691094767,586.627906043126,166.0678735158856,141.73349959961166
436.9299977531012,1084.2682608491039,5.996199077903479,2.1570004070405973
93.81454444867825,1098.8495542238961,309.07391967966225,142.09665734413792
1517.2876858928728,458.42855729769235,0.0006058420944695787,0.0006664100481176575
426.4467498185262,213.85057803498236,0.4038583000823003,0.6448646097452342
179.75303852472672,672.1168918173836,11.749124592557894,22.045824511166522
442.233941323577,1054.5030643543375,3.2169844130645346,2.0150109309200808
54.38801063015856,320.2692938762653,187.68040168804117,154.41388341536333
1716.4824571307424,414.79939805415415,0.00035001055319180144,0.00018652388487214408
296.2436461473177,388.32756336523823,4.0727571475173745,3.5695744564132754
897.3436537547366,197.55778131330436,0.03963055593641337,0.017476139351352553
67.84352851102776,607.7894268928469,186.00770732268617,169.21931188847245
301.0411370137412,341.22307907435754,6.7126509874219735,3.062725595274812
305.57093808856456,748.7101970125893,13.095064177790931,5.481685400550579
1590.0993009787048,811.743628581765,0.00030351441748952316,0.000678548354621927
412.0146352536059,795.9001726853087,0.3436073947115031,2.0957017867997836
286.76650945223696,382.6679188873998,18.23972425645123,3.8966180528672276
133.86931243988607,322.14103873688674,31.893368392473587,24.673736296415907
169.8882838737386,698.1289235528765,4.705099145132271,26.13127154471158
341.28596511683014,767.8226356913827,1.919992635775576,3.9201928448906305
252.42507538224257,437.98566577347947,13.67803881219748,6.321251734891204
54.14942543972785,906.3630892045132,270.53705772725715,357.839984990353
1053.7540025430642,233.5619191698903,0.004235814208932542,0.007068420075127605
1363.557079984153,883.7434591014381,0.011701285704691885,0.002882958041374146
83.87981397614146,214.19775118100276,16.943670896487536,48.28792416167736
385.9838588600909,237.66324147424882,0.45357940826956394,1.0075971469124558
74.63024291914832,473.0803532839469,141.97499886448432,114.92324867413541
596.9513819903673,203.39962359950815,0.22785994564331205,0.1542039743301317
141.0988251464388,198.05473654610523,24.352235303897746,14.824490992642929
569.3831683730145,180.16909636724168,0.4309470385697496,0.17325199577626504
730.5652147420709,396.52432653526034,0.11906445361608023,0.09762038680731794
851.9015306702526,731.5094992029794,0.11081288432493763,0.06792873311270411
74.40077566069323,191.71656332046055,43.316427425086445,56.13397300411403
1467.1547803883793,586.1724085923267,0.0011710716082343612,0.0010999018305444842
116.89249502850161,798.637134893427,76.82010802570791,68.98797741695554
57.399375026853754,243.9727730081608,139.18026153342885,112.24363292007388
387.14793455950013,234.81457531586798,2.1378975482373193,0.987363602726537
196.43087680559108,854.9988320617832,37.168114629997575,21.334075394056487
1067.4387219224254,798.6332209360149,0.018071736492285915,0.017290067352816837
985.9101793739226,477.469355625011,0.008708075475432763,0.019557851081120268
161.08145218769505,792.9796854661082,35.23086954764717,32.92563112492209
1681.0165954684996,212.90699455511813,0.0001313314870291415,0.00013506313655185963
146.23045576374787,367.6058271258101,27.151192940701605,22.381604739376986
334.2892603570662,684.337049090259,34.76828498230032,3.827379299677874
128.5409292254776,286.8538517140998,14.596501950615787,24.64452302449113
1579.6757747946192,702.5762209362471,0.0009817540474842366,0.000643583512421327
91.76595806670618,448.35031618419123,211.32194495048833,72.59679020680522
59.00917065019387,699.9576084742342,273.01865582692966,247.53159120933535
248.89810867711236,417.41355263318036,65.59002360577841,6.331761566783959
1944.532436169063,350.339843217494,2.924082698868936e-05,4.267465605452128e-05
1341.1905285116432,267.6588276592591,0.0017605715154938666,0.0012732201705824722
791.1976005150282,262.4724411774201,0.020521617517261368,0.04561718859947707
1336.8202468284724,701.5111794160932,0.0019895669808715913,0.0028276380522172947
1349.973117075412,223.22885379661733,0.001337650214508445,0.0010428742394918546
339.00977801039596,210.31244176744949,3.3153429800563448,1.422274028253837
160.36415432556203,247.66161733097914,18.04892421721372,13.118077605704258
862.5419665254415,247.2384067526124,0.09338264447802348,0.02651181968338636
574.104620109687,798.6086644807655,0.4997669588171194,0.5495540977260847
198.42304142877964,370.293939136573,7.6338222962879225,10.641454822045153
70.84533752924435,1081.0277875489435,3683.3230390383637,246.55510449907607
785.9080959175946,230.74752091245884,0.06334809362269561,0.04270889293885142
131.65807357714095,587.5344690268694,20.180559049439882,41.43812138971977
1584.166671548238,405.5345180089416,0.000201573283945366,0.00040359696537206407
121.62401096247056,366.5670402275076,13.212019090117447,33.91328640544479
78.63856438418559,877.39236972398,433.21634761386895,169.80791652456145
1072.6606884966284,1052.4656487222228,0.014477969888710416,0.020842735472875046
88.01175381707182,873.8654056169939,153.2037967871246,134.88284199134856
96.86538045024797,254.943503399666,38.7743651658827,41.31675100648789
456.265040676136,268.43936739129964,1.24287333281975,0.5980586188434166
1259.1308360057421,590.2356281130579,0.001713894359838071,0.003996872888351684
103.197724961563,303.7574528285973,14.194643236706602,41.61401221847443
157.08226146635647,680.5417244097066,38.72334858988564,30.942957650143363
879.8713826798529,501.8191253065889,0.07567025103182116,0.04148889551402791
1802.578721094357,487.92492651017966,0.00017807373015862868,0.00012769765069497896
317.09356214079696,806.5103829652564,2.3039238861954163,5.176180535202428
85.01634618733344,651.3833532765524,225.2495599685094,114.40263373848153
52.63768409121428,188.87123604160462,51.13085937420394,107.58154774660656
116.65214842545873,196.85811892827152,13.417365380329194,22.603131003578003
81.31246096544382,534.7733347911716,41.585708033342456,106.88035978870698
609.0035904984744,433.9881857974542,0.9471596832588146,0.25783229403497376
78.37056642363589,288.2762826858962,132.21951411383503,70.17849927886813
323.6986813311751,384.04888081933007,4.901257162230981,2.6764689244099693
647.4706342491612,709.7102888162075,0.9949160232703691,0.28584420188344817
426.53401844035534,803.689832806632,30.948338753901822,1.8583148348629206
104.47745455771097,497.12005537081154,10.882702706131756,60.123496686561296
971.0145459993555,361.5923475011736,0.008260213696414657,0.017284791992496724
699.9953325213291,293.8141395423146,0.05174461722023269,0.09582230587731817
763.6013916923914,462.9809772780697,0.037273433893838664,0.0872781781105946
81.08348090937355,318.20245933974746,24.154233272738683,70.95478925337576
78.92798615531729,499.7111912974066,79.62679857591768,107.44765145713383
1531.019974450218,612.6361191188829,0.0002291089423079924,0.0007734038338686226
216.72755027832812,202.87040970959796,7.284215259270542,5.210455845287269
151.7427194132629,180.34813720458237,12.224895666678453,11.608947993154437
303.187265311092,264.3308470782125,3.9510025333587477,2.4423011468892204
576.6578909828661,908.7952422683804,0.9926402103780919,0.5974316122966791
1697.9925922379232,579.8754415994256,0.000497382197150954,0.00027214959194032235
143.83813523559135,245.72763902587036,11.599412655942004,16.85021473351335
1515.544136262458,901.8347610018169,0.00965187478167639,0.0011572063387213128
54.80199905763963,421.4192341320643,239.71190250563828,189.61708178561932
387.64177650605325,426.12581276800734,0.24586818010361455,1.5833217486618096
518.3655919738899,978.860731451006,0.36931527365142114,1.0062908509781252
73.89652193505503,200.46390878155407,10.3432423854731,58.95865207210529
83.90782388562475,265.7225974870442,58.33979702759894,57.337213097036205
234.64769214379217,519.7077159377684,7.883012084402856,8.904130757328495
1765.7592627132183,256.41793313174924,5.936320722657303e-05,9.483137604075808e-05
450.67755756261465,615.8322096867629,9.104705591840444,1.2187981685693812
1562.173184480017,265.2007660024299,0.0005679088589771521,0.0003279883443459044
971.8616517359958,215.38814733406534,0.02347260672352867,0.011355880420025707
280.37763548017745,261.8108954492102,1.2133599363037841,3.078574934182533
904.0826378039169,386.89423657559126,0.010524668630201595,0.02858456212750526
53.40053429114906,247.5930082691861,134.9353133387765,130.05923545922187
74.78684889695059,229.69768806365138,76.33516287695555,64.20791840725416
1066.0176710125602,854.1958485510835,0.0028773343735986052,0.01841519000774327
945.1892681892085,321.47204466532463,0.015606553382056703,0.018690174117195365
117.94361351116932,345.8375840984602,35.12368190189987,34.63287994145211
354.23765973434394,198.939805668752,0.9476143515590806,1.175086197082602
467.56684163898103,343.72251265287605,0.293655565859432,0.6623525375103203
1227.834593203987,290.6984867441235,0.001609850637150293,0.002761230972030592
462.5768044143458,543.4844668378571,0.8351318606366542,0.9966990042102851
229.05216919179017,261.0561704670949,6.007957410858574,5.486468576925821
198.8086561368029,898.7409185381198,39.40420138893878,21.52211179690301
240.57952104434284,968.5057345475758,40.27608484558318,13.665872405878037
553.863336440216,215.6511178737217,0.16834719446668658,0.22596411514277892
1226.7103748553327,218.6271716660154,0.0014030832548825869,0.0022140608898301643
266.7718738163215,221.78539590824803,4.84046651173562,3.124753591225286
124.74520251717422,552.4950615193176,81.99957728219651,44.51691261556739
119.70638272834572,224.46817168555472,15.367648193129565,23.72347267629748
783.6635292021897,842.0685479489217,0.2694086772719826,0.12222162512686861
1016.6281954677294,705.0510508686403,0.05809606103624927,0.021813139642683742
73.72788981633066,793.8542832236216,648.0928337773425,178.10040823043033
63.914778197401986,466.4652557178487,909.495194317012,153.63333276373746
448.0107082589219,1093.4037878657998,0.8298921065391597,1.9737919886403115
85.73305718468941,194.9842107912396,43.45226828764729,42.85253681742894
1047.4456805198186,372.1474015851109,0.01081287713765315,0.010691617837727072
157.08863622185308,323.5382690157782,15.47332659019243,17.06775899460757
85.00832756029679,1002.3557253408285,84.39094496853595,161.53519237291596
1494.2386011997037,511.39272516627875,0.00018934057161424986,0.0008364020034780129
92.07924605359095,774.5250920324112,122.47669596762148,111.63574885109816
142.92515009822006,245.00850195770573,7.912280510091333,17.06059992423712
88.11865890264379,1058.27016974357,170.90278541230415,156.8204323424292
76.55825301971531,443.87748378286767,46.936602727716114,103.83897217230339
54.05680771819391,439.90417786937275,67.04226292300957,201.33728896818022
61.33618682298292,1043.5291440978926,400.1314823009655,316.5543150748673
95.22612623606612,358.56995562165633,65.40245582179037,56.240564328552786
60.88230169494924,369.6365847904023,249.7987322222574,139.962363060791
442.6065750884752,518.7503528451115,10.13257898966231,1.1387055203301484
615.9075292773923,226.95368901233022,0.1921787342315251,0.1456397803662975
213.5942762510018,321.87288712675684,12.73032943732674,7.837387282098906
161.58863724966014,255.36270279660917,4.493509903735696,13.199717673533515
321.5520652129541,217.00299721057058,0.47820433496373904,1.7318501392359613
1261.1896978222205,863.3089811736698,0.026040004357469868,0.005348437905027054
1154.872210250644,523.0673685869324,0.0027870049803080167,0.007017782713792568
58.69750774596842,344.5342683611459,49.92712502060399,141.8128902094146
97.66553756782315,377.1687909657662,53.4275461445749,55.55788107635166
119.74282240262696,393.0957079641045,33.9150452099706,37.116111248741184
125.4595894150412,566.2443141852166,18.179943022578872,44.82766455003008
411.26237711751605,963.4398949917737,1.8119970469574846,2.458134666384687
232.19206954423555,973.9785391778714,51.80567800567197,15.151871256632518
59.96226912271305,365.6219415504848,63.79066974177159,142.8222065967789
198.39113761188582,326.67234427045315,2.389848451860666,9.630185025141767
345.1863779086952,407.2389050137551,5.83411961725519,2.2730663928835644
72.75360070912684,503.19586608885277,207.69359604227859,126.94665841395972
1081.983424912534,415.2569260925144,0.005012989717583252,0.009323621328385831
60.564206516479175,593.1053673632478,42.41321272662767,206.3609769839548
1515.7310978079847,491.01726755824245,0.0003375274720113676,0.0007107141161757483
72.0701130129464,321.65734167758586,85.5916894631921,90.40437204637087
1123.123938472654,336.5568764461641,0.01938902800260574,0.006043813877315925
1396.60789338505,357.18394977048484,0.00040410876255338044,0.0011394101906043424
1854.8167125264993,213.63417936694506,4.4590916706735686e-05,4.852358937238979e-05
963.526312564045,243.11832312548302,0.02597732748833566,0.013224609871857976
886.624619638407,666.387523635734,0.004595437973601995,0.04971622838390879
534.8928047462232,364.04014780438274,1.1228882125179163,0.3993639826320945
885.0522233137937,265.41527950519276,0.007375194945801604,0.02406053406251032
82.13546386331348,498.4259459958985,137.98806799242095,99.00513565964121
361.22945623018313,706.6711902872597,3.8800331511505584,3.0318122653388384
333.26207288317545,286.8384842904388,5.704193424817504,1.9282545229528247
1182.6385355489704,803.9494009702327,0.014387901144066437,0.008293427006999138
275.67815398767806,964.7233546920778,0.8530766779611929,9.192469794469536
206.96956129892635,530.7578178424186,5.799546178509274,12.71215873990511
529.1621022015161,604.1513624743314,0.7199738128833171,0.6270396090711974
133.61654090821625,197.9719004180192,13.812249284130262,16.785840671354357
83.73121314881256,996.7007202083828,267.3110644197113,165.80332317847814
291.44597763034955,366.27955263010324,7.886587404748345,3.5815546432660534
232.72968547022,958.449542313511,27.312090206371597,14.863042051367282
117.91281326016286,513.3557385017608,38.363262640532945,47.530672626564645
193.9750942963238,181.51120338420964,1.006572124724807,6.378210892086087
193.1757865937843,193.00615037615356,4.293633573512623,6.7707685957738635
167.35455811473096,616.8271186761101,37.231670658460786,24.55195814885379
202.71889236815872,498.4219792478148,4.289972702841776,12.765262601763407
627.439682748551,188.85574012763732,0.21660146907736447,0.1152132071242465
149.48028823757758,691.3872775533288,87.40614073342981,35.23966317649059
1656.141066102212,841.7074107636571,0.0005340567903229633,0.00047042437174708195
1468.9753376752526,442.09571524573977,4.0546089774777626e-05,0.0008680238684549675
294.725260971808,418.2286961447029,1.0719882745380076,3.848192229971968
167.88981616889976,181.7921083351582,60.44992149442137,9.167147047542002
360.3866203679709,747.6076190491552,1.8508124657658829,3.196838991363008
1143.9704692776147,327.5330120267262,0.0007114081611633048,0.005173938904770033
555.2059011647536,883.2554382977509,2.3755852117899154,0.6907318604292244
971.972481260501,353.6250007334692,0.01709850336557426,0.01687166091800124
356.79852415337683,500.6009321467049,7.244177725174254,2.39949328757025
516.347425517621,293.625412779725,0.5149396919148296,0.3903684807552513
144.74800444977004,240.72113271204893,25.83722629748029,16.334136725558388
752.1646826374837,731.8856728467168,0.19632843280739107,0.13656213147751478
105.49558992966914,442.23417578617034,107.73647492457519,53.634895218394355
648.7513708772881,475.353272749198,2.003544298843035,0.20545819693518486
1196.4473372009538,1033.250129255476,0.02452258181463183,0.009286744527491089
81.39667689423163,1029.8218904723285,37.09684525838051,180.16466718185933
482.2177653419548,847.0519447234798,1.8844308691595002,1.205584285741411
71.00993218925592,252.78771026818862,240.33562132649345,76.75016993109648
727.1265079548884,527.7670379210495,0.41874560853583825,0.12578357727861905
68.28624151642606,882.270821968348,146.95208904219763,225.1375596989516
1579.0713304411051,354.5244257606304,0.001198048764683058,0.0003737193212547475
83.00528623749877,216.14943391425751,125.62759373739237,49.67886174933024
1718.5164069896098,781.2442030438565,0.004005751133550644,0.00030581151676844565
959.476849718196,430.52319523892805,0.010137343598649703,0.021460793827988805
446.7701935303336,499.98040109402984,0.6422417074626553,1.0667429365831014
896.9758918627223,1065.0155679726142,0.04964923523253768,0.06743081003569479
939.272649497757,540.2734974170492,0.018042639720153693,0.02945783679877741
1638.936443675513,388.4699022275607,0.00011532710717081002,0.00028084228561970265
127.32255291969257,351.66138561384275,1.8704250639584803,29.63159579785509
440.8663869857237,383.3288079788132,0.5875305498967777,0.9074402449752754
70.99773942525191,223.0223633513869,100.48686061868595,69.45429561110814
485.4051954020306,758.6508647408366,0.656447840669596,1.074988330844926
94.0565293673727,820.0090254748537,774.6366537494996,111.8336950333408
401.84149052221994,301.19158348022347,1.0690282986724116,1.0548243825927897
413.0836717821149,311.9558667013597,3.5684689701394454,0.9812849317492868
278.9370313277225,876.2021371250502,10.672942963764008,8.217708765422366
343.76167917505364,187.9819218371781,2.837248059635406,1.2416327898096458
837.1843551961111,461.7581872776095,0.06879383182982925,0.05203270865075042
953.6916669813336,416.65571334372487,0.08540647725839887,0.021728772677835823
307.2054956626798,627.7620899575107,4.951500629960552,4.682121588456878
456.61972490071946,241.94576120625493,0.9011426463255854,0.5486950688165927
1551.9092439418985,603.477089877592,0.0009716101214297233,0.000673590042767567
77.76611372103596,355.98419059743605,63.240228032474974,84.37119705943108
77.01528769808868,551.6411789009328,183.07476909213074,122.10878463325294
69.10112265144542,193.54947671330476,610.6173188651045,65.37135707957454
566.1173343534964,415.1887453934103,0.26447663289097334,0.34659253700323306
234.21009760352806,463.25964700548127,12.418306162955915,8.1637758980895
869.9200999682444,265.31317418427346,0.09381240629712156,0.026669435175341656
594.7343141246422,231.75732914933968,0.5445625699956116,0.17411736225844698
171.1897306250653,253.1838258145027,11.527105754674233,11.392837476139485
1374.6973877645714,335.589799267607,0.00011441602731652333,0.0012404504651928278
832.898824709938,214.47511882343633,0.04865411149933567,0.029021400270896357
135.63857216785098,999.9532896797094,6.440373307606605,59.26748038386545
191.6141006699765,374.6679202903647,51.11112082209043,11.752486922847096
159.48568802620068,778.4304835521981,39.36272567426106,33.2264235173446
89.42795935694346,1050.2228651059286,410.9714687226452,151.23724655349312
86.24378989127744,208.32439917402797,18.11135420589774,44.640886822584314
1580.1647164527499,585.5487046561353,0.00011742981491059937,0.0005546561146745669
251.48873848060933,871.5750174510636,14.379332629077599,11.078846367192105
205.62284146426813,567.3577511889849,13.190296392091694,13.641067030561588
737.8537425464533,391.32590372594905,0.05607343428415214,0.09167071616400695
384.5015276835767,392.7808711179271,1.6614912790023455,1.5266171572693314
1580.2377178684937,192.08495218454118,0.003617925132654252,0.000227288487508041
889.3235826983317,473.73224237787076,0.08558548660667054,0.03715098081947115
293.0547763238074,1087.2181768880455,24.018595889303615,8.409228663412279
200.41049428128542,1020.7792611442138,54.27317866055162,23.338241144654017
1903.7632045905748,193.65608783375717,0.00014790350152817116,3.368652482451868e-05
706.097968185808,645.8233940528586,0.1423210012016084,0.17211394890513432
1670.4785873047294,310.810696417495,2.4938072873119317e-05,0.00019464102691204235
77.40692095928502,922.8486919111689,151.0946435180891,182.45299017210263
1152.3276504696773,195.31613294607342,0.007303563453432622,0.0032434145987607133
524.3250239982085,979.4494409479574,0.3638058214682379,0.959508009421434
78.39635074472515,819.6512161584874,135.6378473785569,161.79893097288922
437.91982918512974,222.66146964337105,0.3017889382853868,0.6027470580662965
628.2572964022858,200.58646463106885,0.5396126348752628,0.12015977163160751
52.32143481636118,815.5546053466469,741.8681792744211,350.62404620900355
267.18657589889625,238.62544618651455,6.327373224621681,3.298093443017544
1050.2907438384846,473.9873350051263,0.02371264628361898,0.012735676026643952
148.64588188166954,944.404434499007,44.14743471285809,45.82290494214597
271.3885622772961,502.75328654157227,6.966321994243803,5.717496941858665
255.61349054823438,369.4414495461361,1.6266980372941353,5.321401969646258
152.2915470444476,402.81775645543087,2.45884002843915,21.892227919928775
1480.365718893935,201.78560752537277,0.0005024687494132233,0.000432443774788393
892.5856900925925,1039.5090014938485,0.09420760411064183,0.06813633640573052
75.18639692324979,315.8522893016558,274.69918760558625,81.97481510994231
1978.2416424561845,253.59166040614338,0.00013036697988283856,2.7086015990322054e-05
1280.8585972627864,302.09258227461385,0.009812597142884434,0.0020414666548091596
142.49786379932098,1031.301702539163,19.99540240330346,54.245821183961404
1095.7930244369606,213.49744127008466,0.0035209402505781144,0.005007782015189104
74.03898879521138,865.1211458714864,305.8714451229046,189.20490927453358
1993.4058120636907,648.2206691495165,0.000660956536696274,5.25509621342109e-05
582.6890903380951,808.6625513474535,2.2814015181392873,0.5192814506607684
550.1856781712023,1053.040938277767,2.533713997585652,0.8271981989976323
69.80097268699795,826.6225995062882,138.95163158774045,204.7754174408838
1367.9534642898298,992.8517575869369,0.0012733058196337402,0.0030796506254456377
55.64535894219251,226.49513187193503,246.79025424150902,112.12686117863015
121.56008663118708,760.0776375730712,20.2407462836389,60.84678478686663
84.74217928836326,483.3249113811663,71.45724839284088,90.69803547336464
877.806605652376,481.42136527038167,0.03628967909070944,0.040703387798442875
103.87357211671618,916.0789345139762,488.15055883112643,99.25693501592552
1438.3582696074002,1045.2666592984042,0.0014607544776163476,0.002082669263387054
562.7977801715753,644.7036582246628,0.04412178180753231,0.5058313015872203
57.13534261553553,431.43971340643986,295.8552704253884,178.64949108957103
51.011597507730926,411.2072736225888,105.63503667753703,212.5148686567627
60.49633799187283,362.22908682309884,145.46203346558073,139.391161123644
467.41052684451915,346.36404216497976,0.6118788851597194,0.6672995621140594
961.5944482881722,365.6317776853829,0.014121646275143028,0.018567501341488435
120.54409313857647,211.7528842818029,49.146613794715485,22.297339515449945
1147.5561052801304,207.08401394265042,0.0007565872909865866,0.003504078283112447
61.75313439040052,738.4888238845989,141.30916361784836,236.977302085149
959.7589014671789,403.58908100592544,0.040314126218547346,0.020341518037142316
1532.3357824228272,970.2918037252815,0.0005998163838692519,0.0011084393975049778
862.8473696398758,545.1949125764438,0.009967429703730366,0.0498057010787216
656.751965899481,191.8337667888375,0.1827722263128121,0.09366132676260353
1100.1821290888386,239.38932630877818,0.01640062490636068,0.005334658159918903
57.98221406016235,261.25920311643,111.20361460599506,116.32152154482971
105.25362227317353,1052.7331146890317,15.181575090553967,107.87014320538881
79.26933829659426,267.4239570547971,130.87018198105483,64.60140164963205
321.55770331576093,457.84497308953814,0.5984224928450876,3.146937056285889
781.2788914868848,979.9864777606758,0.19109610375274855,0.14032724870317148
510.8422094421233,1055.5126192043217,0.46772732794997374,1.136091700481372
1154.8699648788993,276.1087775263789,0.0013198130276901045,0.004209438924166265
88.64015966353362,196.7364706256669,25.92277894400518,40.32743857291667
751.4101626685456,237.69607222756775,0.046486194324806863,0.055837904377711696
101.91404835787141,201.86280335101745,16.179763456668038,30.81401264179578
135.75060291757154,256.24984339236164,35.860571124156635,19.904286615175696
685.9301892515982,503.7750230948197,0.1046450603757993,0.16347231108911756
1859.1604563659478,938.786676037225,0.0004120060876220195,0.00015460094572152138
477.1990258391621,475.98263695924857,1.0500797728189484,0.7927027022335928
61.13399519621707,558.9533046384527,96.23503164625673,193.32073564779216
485.66180247362666,259.39668717152574,0.19122486054477655,0.45458726608159533
58.454524035831696,766.7034988034465,52.18470810148519,271.04525587086573
1304.4411030963834,550.717444123124,0.0038102292103385097,0.0028489661373869543
685.1047610589599,860.1771563697657,0.1769941415410313,0.25232152841396527
94.69590533998618,1002.7143245687586,12.081813489018158,129.52796872954247
70.13140799835601,337.8814315741387,58.047855891905016,99.18458853298486
98.40139320958266,212.06965551151868,14.014320895265623,34.505328353239484
1857.9427989783508,270.94417473957503,0.000278528676245232,5.7618484556816976e-05
271.4011372926264,397.6203429420797,0.863236956226898,4.738461756019402
901.8093247864188,997.0142577290512,0.01464650554532978,0.061902005451657756
523.0393305512478,357.0010478109575,1.3120491329186093,0.432410675570192
413.057212976149,726.4285134990956,7.495690162603743,1.9300869484655054
85.40383618907082,478.7977927715461,42.06734451836424,88.61088572556245
1638.9206685902548,250.60063586930806,0.0001051215827747567,0.00019778951986061636
151.9633922167604,321.6681552736419,34.038361968134744,18.37981010380886
421.68510421334685,587.1645502075689,0.14719183577874534,1.5084479269405706
660.7741550970328,608.4377293171133,0.03558854928739391,0.22888452560909534
548.3785607506833,395.4084221965043,0.28945386244845944,0.38326601927660514
1606.4184231216489,272.27980282763247,0.001209582075752389,0.000256759441397756
86.45262236258054,664.9331615018884,72.7099605583563,112.41624689882464
326.12311965696404,244.35825267914126,2.013080996553694,1.8198054337682592
221.95111794435854,980.8609661755876,53.566486884168995,17.238312114781305
287.48603622333184,252.92240365390037,22.8309875047653,2.7766189459392123
77.61821184585278,218.5913232484351,32.20162986018388,57.33237891604335
81.9969340306583,443.08128493069165,88.90488262613,90.41442176056228
139.46451176565338,461.00000353170117,185.1250721071929,29.93344570658317
153.85976302264356,451.6200461229148,5.109927566636103,23.415179402775735
242.3799118188421,396.77621521943973,18.313639076597838,6.55393096149371
476.22118201769837,1089.7241302370385,0.5600033078475629,1.5503844678716134
519.6176837741341,434.05774304381526,0.5758278898683015,0.5197440332482881
228.41034288075033,427.55890604476474,6.43691709343203,8.204384944707327
225.87338953417654,386.2169396959032,2.991749347121264,7.798020215451612
111.58966143556593,203.1447389444291,9.548997076402852,25.521929384465793
437.99777826576354,526.5112785243674,1.5808748091252904,1.1990912835592358
161.0232411121003,271.9459348797274,37.883082699525794,13.99871188974992
57.113663983074275,570.8339458415355,196.44481982074691,223.65792853782054
234.0302386289095,197.34844801086223,4.433968560597199,4.133737088638661
287.4478030346725,1063.5568518758994,15.515586460752854,8.764163088681638
114.91674411317045,420.69452713315786,16.226850108328197,42.87487788636665
413.1254555370345,912.4939617584471,4.850516236613535,2.31496051540215
403.0607700094259,425.71675218069095,3.122380559318755,1.3760989023100232
666.2229858353093,200.77044383215892,1.2235039940839132,0.09054508003345456
545.7859406297506,797.3172606914075,0.470707742708902,0.6856323754117288
554.8900038337116,581.8657781850436,0.31364453452218205,0.4958840308689868
160.53289794591956,741.0158477077036,67.84309402361406,31.44474021926978
913.0270891341863,390.7198497865703,0.06152038616142072,0.027119809352481733
379.081203516115,571.1727155238002,1.2678673995819976,2.165006642245032
245.54315643832987,847.952263354105,7.751617216056739,11.600685272299645
503.36098886205554,564.1125798142649,1.2567307015093514,0.7315299101145302
189.13185861930276,337.7425402673524,4.887834269207905,11.182315490936618
331.44313954936933,597.1733099209761,2.3409644810601664,3.5292910103928747
757.210649384074,607.3382599197826,0.12411567361822635,0.11347938780202177
1315.347807888237,1024.2578498097532,0.01183948794575112,0.004373229253723264
1494.7167105440208,352.2525665411671,0.0003381118682236777,0.0006189196313454948
320.4941923332257,388.54190102078076,0.4419138068970244,2.7891699401861794
340.78616098129436,782.8864087322393,0.5885639780336126,4.000933956791702
955.895435185794,449.6374405493823,0.006458890029482833,0.022756948962910112
159.49199000113566,682.8219565814422,8.046575223094552,29.916623056597714
1097.7584391814394,413.67511096879923,0.007191163154290396,0.008393551153347074
309.46715777707954,265.8750501240362,0.7008361944429785,2.3011271318575
76.66187324809069,693.5731692127447,73.29194485905981,147.99902263028568
65.22484877755929,228.23183935537722,38.45971954887349,83.4040886793378
1116.5897599973096,257.85949656832304,0.0032787170225551227,0.005093473707503748
61.375231157045846,559.7991999293586,720.941045277725,192.1071010409059
140.77526685761015,696.1717162391628,78.97738478941794,40.74014433257589
171.5008884118424,909.085451936686,32.050461129737975,31.53765270000379
94.64931684866761,294.82088907228797,30.71074299298134,48.698041252215724
159.1644282930209,219.9454991412974,7.876041046531693,12.146706085808429
774.1195782682925,1015.8745426218982,0.21082378356698542,0.15190816575884972
52.78284567291994,238.0496848544983,230.99988613546668,128.79836818892142
1057.1861226510812,257.43198697573496,0.0030147073209780837,0.007471682867693188
1178.1791247980373,304.9948229442579,0.004075088363301853,0.003929105041305785
197.4037402386121,469.286144102654,1.7091685175277123,13.034850443471006
88.1184976307521,889.7735634269746,168.69287962302087,136.50564883265395
458.7249722596034,713.1043430065422,2.742259108119311,1.2797091566540406
77.74860727051288,648.588805892531,103.08308356777523,136.4016615155762
192.1289072972563,247.16415343752482,51.46670001709848,8.367942206275384
1715.6593031995715,343.91731362466055,6.683915681499979e-05,0.0001613421936901605
1966.8163443814549,427.9137795590367,5.4675141503106976e-05,4.399028171165398e-05
862.836204755211,235.0536623077094,0.024515795254084476,0.025409988906006722
157.45229608617095,295.2712154450994,14.27110817234611,15.776709234606423
631.9033635050926,314.528105392458,0.14943679337257684,0.16753556961486568
674.6419150337441,226.63495449305663,0.10434563036712279,0.09374738094381221
209.08152886573393,487.3343576983137,26.989002600581433,11.559073679210705
531.7555663072103,644.9252755527468,2.566257294989911,0.6470784730600766
52.01832157833958,204.29002982453278,116.84099007613364,117.10420691196316
108.11673326440938,430.02438606104624,112.47650614303555,49.77079137464121
346.8909473685156,741.6252551623952,1.790533598289958,3.6120685771625713
91.47647425825836,697.0800279780174,223.72982177749648,104.0096536469681
92.20675952858538,787.0782553027769,52.62862379938461,112.75887330869396
1093.401458340008,405.1758131291044,0.02527115610127862,0.008490974146641829
1921.4116253469058,794.9301820259919,0.0008578840149974703,9.40501388700369e-05
388.746401009715,278.31291034166355,0.9866639830454512,1.1147811947351225
1104.612745809395,345.8700594962035,0.000776836996804283,0.006958881482276859
1929.8551860039966,247.69040461463922,2.0361824817545275e-05,3.522424938814803e-05
84.29758100816224,419.5382240060406,280.569847749393,81.85485118391388
261.2680883430169,365.998074433328,8.61961463028909,4.957807418039204
212.76248106605777,278.40060405268406,9.04438947401101,7.05143413236296
67.1759410400426,701.8793926468377,530.6859911552333,193.5434696534698
811.0623738194149,317.6828616193569,0.07507327399178733,0.046247674605957446
247.69088739576173,294.93716013544224,16.432596684337373,4.8624468457219425
282.3968892699561,228.12245439386447,6.767424147366945,2.6985021435585703
87.16801322609423,398.3264083510415,336.0348068443386,73.36993843773209
97.45976396472379,311.48641740379986,68.5494444544759,47.88293691239653
1419.7256389956,351.20875830068485,0.002411906923237453,0.0009754643036999096
58.95226875839285,275.9273281934187,86.62023605776339,117.76139889098715
118.03568750221979,716.480600959389,33.93134777150433,61.917330216011365
146.84750515174758,969.0962297904648,265.24836493438164,48.12967702459781
304.99721580285086,443.30923936290554,4.500665448189798,3.6256028825154467
435.0010979579308,576.4299549708802,2.959076685557458,1.3231254767898066
308.49642725707236,864.9163986529995,6.757848545669322,5.971299422988287
68.19111889241033,1097.672134752342,149.55440427592276,268.8559907159658
122.84002146726198,546.4748688841936,46.16572710713065,45.661468065566915
1123.1795943778131,901.0442084648467,0.05584061284584937,0.013283297456309656
525.3217136393847,932.2830396440128,1.5942447748811077,0.9149920103988312
548.2084507092211,754.1339477025858,0.11617802863708311,0.643290817315686
592.4829073116671,414.59109843437085,0.2274867662938819,0.28212113152872803
834.0390950714594,208.48235422077823,0.16729613609381727,0.02814787094857037
61.95313361463664,185.22413324946763,62.90102759351021,77.89481277166759
193.32972372535238,426.98198595904864,2.10708938000411,12.753251340090022
365.8687550367167,440.41604767605634,13.201339984025005,1.988279024891676
174.25995399051615,376.2775423692206,29.623089613362904,14.971697746760155
1126.8751989756638,503.4082465081548,0.007591569836266707,0.00814212545535266
296.53783552868,489.0336559112348,2.9518593636684103,4.27957198313128
851.8389882559894,818.3722594144245,0.21942421539581175,0.07434043251752014
1158.643890423915,219.12405022072124,0.0019864136066329655,0.003415466904377115
321.86684504759006,270.57596282462356,6.4936231702728415,2.0597079895605206
1432.6076445287838,756.2575474614941,0.0028636362258141596,0.0016651195775144155
436.09165829125703,835.1686348326652,2.252055793304407,1.7632550470970023
1151.2256043355678,1089.7425158302547,0.014946011011377838,0.012921978701723787
175.63735626071403,873.949335717368,24.188219391586397,28.813203857427943
314.85072421370023,901.2391987195689,16.463109365083582,5.786235813027559
355.0768611347651,317.9711857160942,0.7140398328658968,1.696430439817274
73.64678742666761,372.41470512599,19.241614616191022,97.41697612319024
217.50789718911685,292.42844573364016,12.781224064870157,6.913922284965898
1474.3479425577664,539.3823078706523,0.001851723193224532,0.0009849920915597512
512.3905339482118,984.6600982295562,1.7154289535760545,1.061222998844589
96.2379134127137,335.8935472817802,78.50274895647887,52.21685174275424
174.5167276556757,493.33604312078785,13.445874357944042,18.526695614582692
101.37468560454721,307.7511071098364,95.96674683633766,43.663784998511694
54.794649170179795,244.76859280367376,117.3367475693901,122.80602915533183
1530.4434902712733,256.2782731350344,0.0002374523405382109,0.00038648014395936697
261.23119238538663,199.90539263907218,2.23816344768078,3.057345183804744
155.47466860705,1003.5321727990165,326.3582385754142,43.26551816761619
454.7433623915036,373.2366609464159,0.13911991033326276,0.7886418648252159
51.36747309409234,814.6888470066522,597.5657597329323,362.5187625030299
139.43702173920445,617.8447388251633,7.06102473250739,37.85263577501424
668.762314736087,254.7684254842627,0.0964847785195062,0.10751373412152476
517.9730945782121,247.29020693003056,0.21765515136521707,0.3358079506104053
1870.174074052168,782.6954628138428,1.5577456995810447e-05,0.00012531782388318358
492.9697508149302,290.64825690341496,0.6915915149251108,0.46869765163644916
291.0469550957865,940.2090304605662,5.228426632903602,7.645738700320062
829.5272361011889,231.9385218447101,0.003875977766327179,0.031626782222820844
1400.0883666467298,613.8085351779351,0.00398222137538038,0.001719909558784155
713.7861987280563,786.2250108449382,0.8001251536080064,0.19052091516893618
1746.192701902777,275.55754033457464,0.0005004343600983925,0.00011277019768138334
894.9302772936177,296.7595387539894,0.03522237767930379,0.024599476678684815
1223.5956067359928,1031.5737101762131,0.00818011669221161,0.007811900510695799
76.16782803302164,290.5882317577385,282.0875401626117,74.74339356611914
745.315880015343,391.98587576906755,0.46802604248902185,0.08702020694084404
253.52366382645585,393.80546718798115,17.81394168703548,5.733996107950689
384.65862711558776,284.5694197164029,0.4594422012951804,1.17797336079714
558.3175824490028,733.0566429254602,0.7101546219964082,0.5806440221683756
1789.2540206527478,727.8449109325895,0.00029518944174814594,0.00019020476100298377
1889.3967193566675,357.00634151131914,9.784202413823832e-06,5.9762959060500214e-05
144.78679170784463,816.1720954396276,69.3235108644582,43.35506131801597
749.0091550783811,264.71284211017536,0.601058780320265,0.0619111880912687
795.222436167931,181.40838718822468,0.06258100055985555,0.03300059398350189
179.50326595945424,506.1493629863009,76.9479786036267,17.632018982072626
78.96175907351846,1088.2711158375773,240.25896461782588,200.09707638861266
58.15264745356352,193.04189709781582,84.39488740799011,90.80598050367905
879.6711085828535,262.291361990216,0.03619915477368839,0.02472375147283196
304.4376553041627,460.47046278458276,1.6624871532741936,3.7589565821713684
1896.1141522432295,779.8000571331431,4.0950845799516876e-05,0.00010735570338221076
277.8979707651575,211.4804482056158,9.455448386579178,2.6652198966823613
1843.5362061214807,368.10731032255285,0.00031603182927159495,8.011800346598944e-05
228.21251170468562,695.9272913048206,4.507129563152687,12.143169200587183
934.3216740744824,352.655059498004,0.056991470910198315,0.02164777805505413
68.36842370997537,253.3498351086152,75.88613888111888,82.78062363145244
388.01899534603865,256.4222579788227,1.4763369491061893,1.0510139984065827
963.6468358273893,378.1117132829409,0.02980894533439076,0.01881378579420104
1514.9473832624196,428.69847861707655,0.0017315745645187467,0.0006406196802744814
1039.4353039598172,856.5687190868717,0.02384152590138557,0.021948759963085696
57.30589863285601,575.6520982841375,916.595649219796,223.74442264341198
197.72496804155992,628.0748653269991,22.331296141608384,16.388441000094705
59.839489311296425,1066.641697806096,630.3118493553724,337.65694465416044
74.82501122976485,379.34201305970504,41.64562111564373,95.8187915151792
603.7402551312255,373.55756962759034,2.061557511350096,0.2380684027450992
694.4682961641199,957.4898737162418,0.410646708696026,0.25670006268816137
867.9944626926276,280.9055150451351,0.05770682115708782,0.028286310474798796
1217.54021349876,674.5202587425279,0.0011569717021998969,0.0057776198153210966
764.8628656861314,705.4360933239664,0.05321574007371162,0.12115324619130691
959.4323110885824,214.8550783822684,0.042452186436538364,0.012311019180649502
59.89806666711573,420.10578508913756,213.07667853383373,159.9339593158563
118.77071896121895,258.78476852153227,3.989751811787518,27.045178927962464
495.7783362891293,251.76754665056373,1.1531228536515992,0.40827425283644314
1185.054223457,416.7706648912136,0.002803130927751898,0.0048284223819299995
50.83694854959775,303.947824223269,688.7624561071053,167.93541307769553
333.7621494990585,760.4517917935374,3.8338702650638576,4.185852909136798
608.1700786526081,930.5913807802035,0.5861743702390299,0.4776654630766979
55.770258527187806,769.674984939521,965.8124099533128,297.084034779918
219.76862216578996,291.34310376877636,2.7325127634415116,6.704068513275062
1360.9144163431395,295.6480943525399,0.00045216403219641715,0.0012203485881689803
595.5716479268523,285.4431343543262,0.16791787211207995,0.20437845031747806
120.147007935188,229.84162182214922,54.843368551073866,23.982118214847745
1161.9208193367874,993.5996919184282,0.002962076720029015,0.01120956990820982
180.5249458952731,372.6751136523128,2.5666274865626413,13.607585233051708
1164.338775382252,270.33696594084176,0.00887945977534542,0.0038962704160159503
150.6245170568919,833.4080744211718,21.993138253422632,40.19364183082286
441.2639622581933,370.75582951298395,0.594839757235942,0.880524776463244
216.21798008070311,191.81322132793932,0.7829667117920546,5.013555301153831
137.80222273947433,241.31151234636022,9.296576097872633,18.331584208505113
1316.0985319873641,572.5324382772491,0.002712700148431505,0.0027333058214157905
99.88639442686977,742.5575876811441,231.05354671101077,91.12859400911258
68.36648654796338,263.6891647462922,39.52837041548573,85.47712691570335
176.50518696360433,947.2305379713101,159.23810569418265,30.356919508404832
705.7826385144508,839.9598248982908,0.10735643303683778,0.21287613538180805
982.9329097568057,835.9912584158695,0.015769929050610927,0.03122430205187078
1990.750342533236,271.79503987952813,0.0001238665516560864,2.6624909843660785e-05
149.19689976750092,197.24221257149895,16.0333578707231,12.977424442071817
225.1736061164993,865.3098634264124,8.633582230570472,14.99451156424735
82.82584967715096,313.08930747134775,57.467576801626464,67.11140758405037
416.8207425357064,551.8425223736272,5.797384502950666,1.49830323403715
1982.2255522072198,712.3571841784043,0.00026200542179207994,6.047090726839538e-05
663.4732679036445,227.05257133589507,0.04505284618559942,0.10196497171035607
449.3002728050308,739.7846111233047,1.3687838524908607,1.4281165193461107
212.6027265760923,984.1364157787027,21.232885496616888,19.402353144250192
1463.3005246269543,672.7640313949826,0.0004689239971952775,0.0012572484132135566
312.6512735161863,400.0613642290912,2.9220583683092403,3.089389013946788
82.07934088702719,879.9274810678841,157.05191613932834,156.21817162741962
192.45456719472412,467.64639653893386,43.397735336951555,13.876514122600826
64.0582451618937,693.0298821474784,702.328141359246,209.9723182839471
105.3301104776979,794.856601329651,61.89177769721739,86.0214545966478
53.36744995117309,698.8016337567354,241.11122976264315,298.63183844630294
266.1654149892185,303.08261946711553,7.84720684518337,4.038467751174709
519.447398653016,222.79835178846574,0.17003350030015638,0.305266121948597
177.39653129169113,277.0991749672561,20.202668183991502,11.21412934932194
235.74735105819815,447.2935556051451,7.139113287246151,7.795097937287515
1720.6035066428506,449.24255672620114,7.359175786093038e-05,0.0001940142503188471
801.0507592071197,516.7743934311858,0.02811625346966615,0.07319920331932868
367.6671117238125,368.01882363075106,7.198139125983302,1.6934431816327156
142.83069724194678,747.9347293443673,35.68385879666926,41.7258120427558
1367.7687846486783,939.9853732084435,0.015218868858702553,0.0029511116691646718
119.01718918473638,281.33777507290944,17.221708962166286,28.783635034114067
166.03076783353544,682.7603142551854,36.327182860099114,27.149567032640153
1430.0340323413354,614.1010782119408,0.015669884269316096,0.0014319883711910882
352.6372165296704,463.9642335294032,0.8159895588118492,2.3491017592700456
773.0505472480899,253.20945967920431,0.007550300914922715,0.05037031022424787
441.95556230132496,759.3126433677728,5.623111164428662,1.5531652841101289
556.9533465914628,1024.3307581789475,0.3355334720519702,0.7670337664817889
150.86899514128595,664.8483764753927,32.733980520757235,33.41884833141054
121.80427392542322,948.0271410322731,40.236681311912314,72.29082797549842
164.29414674661436,1068.957411580706,52.126147860233395,39.865206272654405
88.71493019154907,340.4290748216613,24.12976901444668,62.426041136844006
1257.9809624849645,571.4693195999853,0.0032770203063183195,0.003923070563524649
142.15056289212382,424.4637378304184,42.046734853395876,26.81513341209854
396.74338892243793,1073.6958468775347,1.1139108615034132,3.053187136992949
928.454327951215,213.31270775531644,0.007478632100682762,0.01506138119028097
900.9553119903242,379.70712540403457,0.020321183305044798,0.028761758879532414
251.93649900589634,878.1150416062379,2.656787504286271,11.088772633804298
289.709531625753,301.0031028472796,2.0430801852934404,3.11746305188808
1961.2902962535513,749.1561734571469,8.0071330540199e-05,7.110241690404603e-05
602.1651709669629,359.9035031798249,0.15684769398479212,0.23388374462841538
1009.4147846597665,1060.8486091627624,0.024177915128206273,0.03171583590200303
1396.0970468542246,890.9085753166624,0.002327841357519393,0.002374633365284908
913.5580956472419,310.5607157201918,0.011672627377421746,0.022488184160381227
99.00073618842308,725.6661317642194,181.92674224219087,91.15319248452619
397.7418094568086,331.19382582644977,4.964060316201601,1.1808634323057077
72.81327364274779,539.4442524473345,84.21932459766425,133.99530947180838
555.891995813088,592.8127357993476,0.8112325650232564,0.4993746146286418
1696.2782791328862,808.0424885255865,0.00028212875481253255,0.0003585186566400095
331.43436063651615,188.14548659934653,2.019151043869269,1.4010049530580264
246.955050568811,268.1285540416092,21.748052390067844,4.543713717111065
57.06794609707114,653.0184662357556,414.8399665666629,249.443710397866
1724.1949440574747,499.1941573090887,3.5077832935156086e-05,0.00020664119452304167
73.11163288104616,441.4460736338483,178.2842190410688,113.22572375471717
58.180999287722386,198.91803764843667,318.82926871471597,92.92493423020305
123.93200555997194,338.1109261325041,24.433299649645452,30.494401568257597
63.67276223641908,861.6784966473475,684.3316098328601,252.8528764869231
267.9761177056836,190.3522382061275,1.3685408748313088,2.7287964701031546
335.56265564115705,368.90881253727656,0.5219779597176191,2.305757474410855
158.38929077849485,996.0305224463239,47.38152254768186,41.143391308941595
60.340895985625146,197.3653355507387,14.878611444697318,86.17683696943321
75.46759138602752,699.248148502682,120.91007843043987,153.67164161623927
206.52331372271726,286.93728276961383,28.305387940099383,7.816289163880246
62.50866355847403,864.0347238610714,38.88360575263582,262.522192572046
656.9190105705983,694.6588916362615,0.07284834543560038,0.2618774421755878
107.30731574898901,894.4235251028848,32.37338424950806,90.86445190865611
152.37256527793613,266.0819044114662,14.728902400619154,15.691694707386475
213.98490757773095,470.9040885838175,7.335387832909193,10.574305723280828
232.48965310033446,737.6873454105893,48.980774544580925,12.088946022370369
50.30724768289465,280.81611795902876,417.385532735328,160.71972420651448
75.59854934326005,273.31711768690747,118.52973572585832,72.23256026376279
1205.509379704359,189.07796906294678,0.0026069765424289785,0.00225367185733806
50.22794898180106,1020.4241317736446,670.5050115718435,452.50617076153014
325.90017523457107,650.7753624043735,1.6863719065767893,3.9930756586627143
304.21567283486286,568.7210788062226,10.512256687938017,4.460815185957885
170.84679380846504,692.0568480949925,8.417438407966555,25.593791671554754
245.46058588456103,471.17707137795503,16.731946502299557,7.256828316273991
890.2414569891857,426.1582597143112,0.1110774375458719,0.03392272322670661
1113.342548104546,406.12420240601693,0.009236064564269177,0.007480138290729601
130.63633553132445,573.7658472962945,34.69485369228387,41.38027948224474
164.29299147605457,259.2407183759318,19.15349556112794,12.834993738644126
122.3044000963572,898.2420173417146,3.923433897226264,68.6132479323637
293.58912166441553,782.3614182987611,8.695041313009867,6.426915255890214
621.7143375446851,338.89995742529436,0.17148593216150013,0.192069105714888
116.04990894107122,513.0136841951545,46.75908819960861,49.187363441546346
169.36688669170564,232.3469155619344,22.132619529944428,10.919170481985736
1547.0415454027323,1046.2934645621688,0.0009997033124223911,0.0010773153829289291
59.81098028131508,922.6875641102313,96.23035051055633,300.9522632861441
273.62171089227195,954.9810171969594,8.09401034409951,9.323396515245781
690.1264526317292,328.3920085439924,0.12043642461137426,0.11256901869432821
87.09763383809711,244.47401878189885,55.7881935982001,49.73099353729083
59.54784186872974,264.0893431436156,131.16274495563508,111.55519744667274
83.24981955192027,211.84802270110802,137.40579563770248,48.597374885668216
1482.4494107507517,223.71437717790658,0.0001565351031976469,0.00046373572855602026
51.73741552632885,204.79834293608687,141.29090160142368,118.52458895793103
100.15510847693389,1079.922014540443,444.1641354261952,122.27400510851453
56.11617601187008,205.82150262104466,18.04039333938044,102.22996302342693
75.19778497015871,228.8055262784468,75.78024822516981,63.3193519481206
492.5908779542403,804.6259534151743,0.5912949057668465,1.0617708320140837
121.92423304467968,514.5304112393466,30.536091676036932,44.23957286156777
408.20832447490164,731.2358873315052,0.819691163209573,2.0258307499423664
441.0607525429337,563.9559282164154,1.0413428060901149,1.233754248993358
1147.668248830748,888.7265002024166,0.07079568349839971,0.011229479480530893
50.882214004505215,571.721748161489,78.48722305139763,277.9291455385362
1164.4452481742119,463.15416848584175,0.0018597531036613692,0.005989774356750174
490.722445083492,654.0025214271457,0.24848149894864394,0.9135178921685815
91.13702175531444,404.55444350679676,381.5555688884254,67.81871656876733
865.4900305538646,336.7598131461023,0.020952644166831586,0.03326828554488387
1173.5964208527978,419.66575817236657,0.005089872246019345,0.005222059120185722
127.73660196279685,244.73055097977408,14.713781639176469,22.011554546883033
1482.2880274518825,761.1558976471824,0.0004807981400478081,0.0012362901914210788
267.32407403687404,288.54729584918607,3.0302779080181663,3.8336025733000247
463.11855384406306,237.66583311226697,5.981355703179972,0.5119151669350707
1889.8947893490558,281.1479840431827,0.0001980356363832932,4.9223742353453394e-05
189.7459396904901,826.4961681933561,9.670383001209062,22.691847831722853
1003.9222019429551,327.2279616327594,0.02452392471843272,0.012833706846498824
161.83203387033464,623.1464884702559,11.689895577759035,26.849511187929405
953.5819301794971,848.2295502631873,0.006499435362853788,0.038400978641373616
458.544808832956,207.19971641051188,1.321698162951794,0.47683082250868375
111.06694019100432,718.9085161138663,226.0620086297716,70.86073624104124
230.28446666167056,314.14817199359584,17.8444759800408,6.269156025348052
161.3768916100304,266.4180940485989,8.562502543113853,13.698108393225523
66.69669836065431,626.3712835325189,151.6421588119784,179.1635831709615
55.81707777439815,934.2906227915697,733.0832270493047,346.3651913673556
179.49385953934004,307.0386575675187,17.486985274522333,11.821984228274056
53.636922430272115,504.0159016561693,153.66281908595246,227.78408549409468
92.06431365427872,304.17040138255857,10.472723096850935,52.870519534680746
725.7001102316168,490.9164551369777,0.13439818900453884,0.11993282078005767
681.35687634403,554.7927749203767,0.5372132656834198,0.1826159875254569
762.465314481504,543.3372381266394,0.030193002058224134,0.10000282810492277
161.0899367249448,556.4868285173162,46.97242934390762,24.798953090997102
1333.013562507596,229.85896967678204,0.0016519604968603199,0.0011858040496039223
447.0150724959966,631.6531465959948,2.717396832411216,1.2834170764845216
79.59243002777241,610.5305169741579,296.629067600636,124.02794807147707
84.9602774246394,619.2539744789311,54.93378107586728,110.0124698183379
644.6892937190268,205.82629727989195,0.02152086104509604,0.10841670106975364
94.63168336559363,404.14902588110095,36.77572935235709,62.69976030875116
324.8503547979716,377.41858038912795,6.3487177511282145,2.609413663327775
1940.2255201403505,210.59019766924493,1.6936853769939314e-05,2.912205665239167e-05
50.744669412036224,269.20332558966186,76.38552416903062,152.90801445057718
53.15349691802238,399.8730438957554,31.149009931690014,192.5070550677015
1949.6249815505619,690.6947376664252,0.00041143074245620677,7.130690352125025e-05
432.11216197345414,276.4596715683973,1.7211373649506225,0.7537245391302625
79.85229428152016,808.2685002483285,333.06611689461505,154.2300067082254
1369.3105640452056,483.4321751174718,0.004519644116269931,0.0017172219996333259
1286.447479264534,712.9438666214319,0.006975482778562695,0.003918438291252379
361.4058961026042,423.40725939934407,1.573627391887894,2.0091510110268107
495.5849832294849,444.3233731927556,0.5468655780082788,0.6441728767900756
136.972150382338,552.6452264120373,23.518339562102607,36.065794243913274
60.24286098067122,965.5370128983168,4291.262741409119,307.8447383206584
448.2321283876478,438.42599891832,1.6534815056460916,0.948352545048473
148.3151470207639,468.66321145632196,16.53807300578543,26.297282821332942
578.2700937615015,535.1979810607016,0.6152459642261702,0.38626565398838925
1093.1630535589557,683.9872994308506,0.004704739277520398,0.012928565918294714
53.46434925689184,205.0007754130785,502.3257014564129,111.58001963612995
450.13129613593725,457.7884245929243,0.49868236057244164,0.9658788738046333
117.35329923816286,430.38920706120916,68.84415036492213,41.710789107019295
1256.006259296401,954.6137177536004,0.017386884173832846,0.005987886483982616
127.45467254283211,439.77241751971127,51.943710316323255,35.35331251372599
475.83939941174793,420.17356755542994,0.7975230789355288,0.7256303907408215
385.279265952637,1027.2527991481236,3.3063595724343844,3.270836204406145
215.601860392419,406.892566477708,8.714359978587563,9.220353100798144
608.9184300609572,249.7292460684241,0.09314416172307362,0.16581072184160955
727.2713829002129,266.5597955469512,0.04641353527033244,0.07275332102774756
404.79800529997834,213.84610769287164,3.4296608718118753,0.781039941821647
820.3665181278402,180.18520283188292,0.024706074157780433,0.027538520318441357
1881.3220972516178,393.3994114959368,3.086037143812396e-05,6.771238837559424e-05
234.78455416159463,724.4186483599863,6.919079625308961,11.595074032166758
333.7051614467581,678.9929690230039,11.495984064309969,3.8252624598710265
52.353714083872106,190.78558225507427,215.2926877137632,109.55117672061101
942.4438968760535,505.0653420178162,0.04785280949185357,0.027324962249001945
340.72953537052257,237.9893831955142,1.1935671085176223,1.5441407278977368
225.1897868915265,988.7160029575232,29.592069669570172,16.678891513421902
70.74226042666503,243.69213270518864,39.45102112449915,75.08501883079659
1331.229593570671,559.6109963031421,0.0018845524185461774,0.0024431895549201625
214.6818355500515,324.88904319032054,20.544797878332403,7.789707234045599
620.1641734155205,574.9324349806076,0.7110310986087743,0.2966160344741807
86.75137439141926,379.62718727767344,26.705988989153614,71.29296770651573
1735.5222885640835,711.9397441291167,0.00010910843850070885,0.00025668988656758285
96.57048482025654,273.28388352985945,49.00382785479097,43.956313325941906
104.38744016392017,927.5423750399913,557.4249152216911,99.20569663298186
1188.8089840475943,445.14080278204005,0.0007318373233807593,0.00496974305179242
1448.7128339809526,707.3796902470452,0.0018896011072241656,0.001430512558899799
109.35606593976308,838.0357701672674,20.920447982335656,82.82834921455027
282.8910523068035,1097.6700954361602,5.002549666115213,9.433608726821312
748.2950024808597,269.97323592541716,0.04390864760664975,0.06321487914497112
1276.9226902675402,302.55506023742356,0.0013757343207688284,0.0020948793945203253
202.41148991924766,283.232449517627,4.78149600523651,8.15433272755264
336.71792694970617,289.68163569560033,1.892554232495945,1.8789635132708582
771.3370464545646,516.5877104970959,0.052809267494361996,0.09019213811365583
741.8117374538214,1087.1778858575838,0.04675100158528358,0.201803220092591
898.0884341584215,1080.8118390419613,0.14770308569718776,0.06771681122050396
409.29663381653506,467.0674180529359,2.975882007602285,1.401675492002758
73.54779644367576,572.3012450143465,320.07258201856354,137.74077530525182
1403.42577002556,853.7145903403992,0.00046999741123034567,0.0021939562127984286
1218.0612833906125,974.2497958094003,0.010420268661589946,0.00772788075602883
949.6640009272159,260.33433979929765,0.0301230652485685,0.015322346368954458
72.26960543350091,468.5649772112216,43.32027344710015,121.48888812201491
106.27395628737928,812.7978019347297,86.7155997227929,85.9237733676842
776.7162634292649,311.62032500402887,0.05158817095453629,0.05794875273612055
54.455509285694845,399.0389313815044,1159.080961703052,183.68678232402797
1852.450502792957,1071.7392668881823,0.0012249287636924059,0.00017877748503501289
200.99183151824818,1070.6255211011955,4.55550841170881,24.06343657758718
710.1528524792427,928.0713250563956,2.7046109584109734,0.22336034229874155
1321.0283401065649,763.7458469970812,0.001336678143567628,0.0033381383120188253
214.3832051209154,292.9823261515915,19.192120172840582,7.198167594026192
162.2704334581921,321.7356777227855,41.48716314458808,15.71925001205139
472.2911547506338,484.7330042776627,0.3096404118468577,0.8380702179378405
426.3338689767894,496.7191638429845,2.0745384533086884,1.2667706958081413
226.1709349555051,449.426288769284,7.877418122563226,8.77172907631906
460.3087860738053,569.8648371819679,1.8370227907137278,1.0552906303644247
1575.8216872091778,376.9324029910484,0.0005040888594839299,0.000400246360452546
280.645284734099,698.5756259133535,22.26638599858137,6.731100834784123
103.31485742965003,329.2174398875475,47.74273634568688,44.27531922946469
201.03728847495654,327.5098495209135,7.882508403444779,9.32333360749378
213.97007231328791,226.61434674138343,17.62912889857214,5.89136872578227
81.09871930056046,253.29287975375445,105.588439458396,59.09539044968168
91.18006954294457,839.2360510768758,252.5086118382666,121.4657050656852
624.7115186597541,403.7421184610132,0.11112380889251643,0.2159899000164237
174.91768958678045,271.896721219361,4.021514656070436,11.43777407530377
1693.458326278215,711.5507280871311,0.00018665949725002505,0.000329312856322094
122.80798456299077,490.64598291321573,22.52889159538476,41.914001763959874
72.01997994941763,187.02672653258523,128.77512941159196,58.66647455545025
805.6186619857049,319.1322035177103,0.12794882805989685,0.0482138513852065
1289.5631488257234,247.98013168213578,0.0014137855740379518,0.0016510330791360182
139.48396570969422,590.0209013214215,152.4723015293231,36.454464412623004
105.37249581258804,296.1283292024707,153.28752896438564,39.011092871059894
99.21526501225485,202.45498691410123,41.685213488130785,32.67948650054126
342.9770237373585,198.81905658694373,0.5751953997509899,1.3084540178888227
281.45020190621824,515.9172788755574,25.305728198591137,5.23650416538225
130.19916287810375,187.21892706581824,16.012699433458327,17.02017615602675
59.06633820173648,836.6139731639885,323.2877031015896,284.96815922544016
295.35750917377436,238.4697610166828,1.736687992260334,2.4389920805970124
1721.3848518717207,539.642992267265,9.185249882725801e-05,0.0002236258500633172
555.0663624051705,402.5786486812997,0.08491348965052499,0.36880660453965886
311.0292507310993,401.24258779639285,5.927678950531873,3.147990789822797
75.21515373205563,204.98103779485754,26.47946792444409,57.96101858774917
126.87851465279256,769.719073761897,1191.3803798831443,55.88727233620285
148.32540929998882,906.398306059095,15.042891661146971,44.56635255824428
839.9069543526962,183.62547391078854,0.006944622735417257,0.02441872187295617
1269.151000875982,248.7006107871632,0.003131305928599363,0.0018800745522486702
1391.4075143164066,924.3784851566684,0.011617255346514584,0.0025172777098561895
1889.330694744094,486.67666454243687,8.17151065588099e-05,7.660399509172274e-05
1874.0465063984889,236.1683228006213,8.325137637155277e-05,4.697531455639665e-05
1681.6351894653212,259.8305258304975,2.4974433036254453e-05,0.000157811303945946
65.16784835252416,594.4303979613545,91.2554755103938,179.67947011679396
83.12344142467865,668.4449335412961,41.77442528808371,122.229453684244
153.7246967887259,532.7138839312129,4.025035667615213,26.77797234967445
384.3670729243998,1010.5590160636996,3.6593005824354927,3.2553239594885715
71.50466887914793,440.2160515844548,12.52739669335011,118.00719569095327
1132.3676955560595,309.97189242412674,0.0014214497894273605,0.005332783291058401
486.4636602929049,427.0069328198052,0.3931930428497562,0.6728312050552239
369.71776073362435,345.15441790575136,0.6872974376643547,1.578220121967653
92.0044135925255,270.20312473064297,71.58345575751466,48.15646900069389
127.26250498253032,195.61634630349067,25.185430877898394,18.554001789174276
90.32323539180719,340.5288046960602,147.11691246690646,60.185342803544074
1158.2919331143246,652.4177221456107,0.0173880196956328,0.008193963405699415
431.45756164800764,186.1087679241318,1.7284001126981583,0.5523261260609502
752.8205204398516,398.5837574880276,0.0834311953370403,0.08359140336533782
149.0158313778765,577.4857761334812,41.634433258953976,30.736800394977376
196.6703999147201,543.4048287877623,24.682029682152958,14.799031414970804
222.62398126752353,734.1951535168632,15.624791599088503,13.56105606642068
825.2006917791512,780.6177278842113,0.057841135348654975,0.08604707383719774
863.6262316816216,652.7679352360883,0.04103443745728496,0.05721717905797381
107.22540182692734,216.81226602122686,12.932245196139185,29.2910561459345
1612.0248672788682,425.30181325630855,0.0005407326509229242,0.00035471269468080596
78.03098572992954,536.5647093020455,105.92029387785912,116.36153679640525
1363.3624861966944,280.7481633191902,0.0005942099472735144,0.0011533274222344568
72.41188475165312,194.412125158207,30.87553425522793,59.8719980747797
132.67180931943886,269.79964159159726,6.513371295773726,21.851201621141016
1135.218344562288,410.085273881906,0.01743265854629089,0.006550255350541235
96.94536993303358,380.7776787534055,61.5041102538849,56.85398624841289
229.89559018067413,247.83006128316907,2.1985390788812036,5.210069025330068
262.82797592445564,800.5015919945901,20.455994066542022,9.11323906276318
123.56332676188913,961.5535504611835,40.44105701218719,70.83082883119789
686.7923126879862,259.1531439639636,0.023384050041353466,0.09544544185874798
1155.7374478313493,968.3414735723876,0.031716744241729544,0.01142292683565694
1259.1916795575657,185.91454391834506,0.0009266734850757476,0.0015855684500059339
174.81731198996394,960.2939012252504,20.8821828031948,31.431022665003404
354.3432648869545,1008.3305766778869,4.481491078290492,4.300691400885559
125.00631861171597,183.969876931255,57.63149665270922,18.383986970211666
123.35270724890967,716.3039929225763,57.31474062244637,56.17773776347298
90.63766043552282,1042.2395275584422,44.08331538161748,146.23259946159754
1603.0122922726237,927.7276926529215,0.0012037173355419,0.0006987498592575213
1323.065604749965,1043.1994557329126,0.0026044504704139017,0.004230039898812632
879.7216859635473,487.4082978070798,0.2680196885674301,0.04057436531808041
337.51635064404155,207.3540984717331,1.4252331205889779,1.4268298792622973
305.4592754018606,838.1252838716557,0.6426035493332093,6.006295619089006
352.9021804464764,546.7833532829571,3.820065538688163,2.6722013464354157
361.8963071469814,547.6832578040288,17.17712279604858,2.457097158321922
248.4083190618863,383.0751567952969,28.743807314680335,5.944711838587089
81.29225125248682,506.76781238063415,639.1448390583837,102.42970978353995
79.48607192499564,237.68658379353835,21.08828639006534,58.467902258822264
1676.9927144132769,686.7847633859592,0.0008789966661379161,0.00035305671470387554
295.9458122129593,206.1793301223088,1.048193390256052,2.157742726627438
1682.9159995405828,674.4781624349506,0.00042039510023635405,0.00033593093374848567
91.41763370414411,836.8961607826233,33.75386123532744,120.54790749435725
386.52588293244685,423.3403523964166,0.8352824898814669,1.5911713844582296
107.58345947733751,452.96061769897557,26.66441559728425,52.43512151395483
127.22923979181057,316.745494140807,67.0460701119937,27.298307844783253
55.86235527512715,1040.8387716592226,839.7336565873634,377.04541500514426
77.54259741435604,678.5728026640068,187.51392500169757,142.1714011420317
1471.6893812790888,351.0280754957175,0.00018396509178443887,0.0007099307564145583
163.71374599955655,246.9972506104928,9.119174765314591,12.453712206731185
471.2262599391806,267.848028236606,0.24948000299733172,0.5261020717218017
277.9396719580525,416.8417170711614,10.93942197533149,4.584574060916037
219.03671767682357,991.3900268077875,58.53246272202824,18.018457800068056
355.69964457378757,679.8291188679334,8.907545156939426,3.0972452952242766
99.75577025149327,265.7540912641924,18.873821440482317,40.164971994461965
1917.6650687500412,853.0821563973844,6.570775288091019e-06,0.00010171399987140686
1023.1711862392972,356.93042438235557,0.0020709089989698307,0.012121121858682901
771.0475054090228,841.0629473822623,0.5531088352708163,0.13347681774133788
281.80618435012127,278.79015709362625,2.1344461564097172,3.1882180025802183
87.87965135679697,551.5870949192147,44.196451907452555,93.63171209533489
1492.5604905358057,963.2674297265173,0.00724823085701449,0.001402276694220203
176.15402320723376,287.08347202727197,41.60045430240839,11.739405126382122
60.15114894479305,630.9516512304564,225.10710991275465,219.67026159246223
176.81586738478154,1075.0257813864323,24.94067777313773,33.445030385615475
936.9961959398537,236.40728629863628,0.013529981190504893,0.015440736817339307
497.26371582504106,211.23570562032384,0.4398629545555169,0.35047886780563703
797.7346585303856,609.9172987380393,0.42369893610070186,0.0855392953703942
934.1605018761348,332.9245255603441,0.0315758457669884,0.02069568096795673
109.27831924558795,204.77608064862403,55.534870568105916,26.869238684626467
1509.823899586368,425.5198684159202,0.002114957586241726,0.0006568922016738896
251.5681313257526,704.4121650025219,2.8982552873946408,9.335132137280203
528.090318634341,301.5872504467674,0.7717511708008795,0.362781341581053
50.427657737176716,330.11071160581145,135.64600665196105,182.11117545302673
1951.667959094807,831.9435714078179,6.605222709457877e-06,8.177371434905463e-05
140.92331995550987,461.43605993905754,3.4820459268824537,29.247367599934538
